惨凄凄唤苍天天不应响，,3114111413
叹红颜多薄命父母双亡。,4221244312
千金休哪曾受磨房景况，,1113242234
担几肩头晕转体若筛糠。,1312133411
李艳妃设早朝龙书案下，,3414322144
文站东武列西朝贺哀家。,2413412411
太师爷奏一本进贡年下，,4124134424
各国的众王侯朝贺中华。,4254242412
将江山让太师权且代贺，,1114412344
候幼主成了龙原业归家。,4432522411
写文约我且把玉玺打下，,3213334334
宣太师上金殿披红插花。,1414141211
赐你的上方剑朝房问话，,4354142244
压定了文武臣均要画押。,1452321441
李艳妃坐昭阳自思自想，,3414124143
想起了朝中事好不惨伤！,3352143431
耳边厢又听得朝靴响亮，,3114122134
想必是徐杨将进了昭阳。,3442214512
有几句话儿我不好言讲，,3344234323
我只得怀抱太子两泪汪汪口口声声哭的是先王。,33224453411331115412
那日风波平地起，,4411243
死里逃生甚惨凄。,3321431
舅父前来出主意，,4422134
我与母亲两分离。,3331312
母女隔断三千里，,3324113
那厢流泪这厢啼。,4124412
我今绝少人生趣，,3123214
不如早死命归西。,4233411
奴自幼在闺阁娇生惯养，,2444121143
为薛郎我父女断绝情长。,2123434223
但愿得去投军功名有望，,4424211234
也不枉我二人苦度时光。,3433423421
孙尚香坐宫院自思自叹，,1414144144
想起了已往事心内痛酸。,3353341441
遭不幸父王爷把驾来晏，,1444223424
留下了孙仲谋执掌江南。,2451422312
与周郎定巧计把皇叔来骗，,31243432124
又谁知弄假成真反配凤鸾。,42143213442
回荆州未三载诓我回转，,2114131323
阿斗儿行中途被子龙追还。,14221245212
恨只恨我兄长把事错办，,4343133444
叹一声不由人珠泪涟涟。,4114221422
叹红颜薄命前生就，,42224214
美满姻缘付东流。,3312412
薄幸冤家音信无有，,24111423
啼花泣月在暗里（呀）添愁。,2144443112
枕边泪（呀）共（那）阶前雨，,314144123
隔着窗儿点滴不休。,25123141
王春娥坐草堂自思自叹，,2124324144
想起了我老爷好不惨然。,3353323432
春娥女好一此失群孤雁，,1233131214
老薛保好一似浪里舟船。,3133144312
薛倚儿他好比无弓之箭，,1321332114
每日里在书房苦读圣贤。,3434123242
将身儿来至在机房织绢，,1122441214
等候了薛倚儿转回家园。,3451323212
无端巧计将人陷，,2134124
薄命自伤怨红颜。,2441422
独处闺房愁无限，,2312224
落得孤身病恹恹。,4211411
今生若被郎轻贱，,1144214
满腹冤屈向谁言。,3411422
一心早想寻短见，,1133234
又怕丑名误流传。,4432422
小奴才他一言问住我，,322112443
闭口无言王春娥。,4322212
哭一声亡故夫在阴曹等我，,11124141233
等候了你妻子同见阎罗。,3453152422
怒气不息在机房闷坐，,444141244
叹一声不由人珠泪如梭。,4114221421
遭不幸老王爷晏了御驾，,1443224544
贼昏王篡了位谋乱邦家。,2124542411
把一个皇太子逼死殿下，,3142451344
反倒说为嫂我拦阻有差，,3312332331
贼好比王莽贼称孤道寡，,2332321143
贼好比曹阿瞒半点不差，,2332124341
贼好比秦赵高指鹿为马，,2332413423
贼好比那司马师搅乱中华。,23341313412
只骂得贼昏王装聋作哑，,3422121241
只骂得贼昏王扭转身驱、闭目合晴、羞羞惭惭一语不发，,3422123311442211221341
只骂得贼昏王无言对答。,3422122242
两旁的文武臣珠泪如麻，,3252321422
搬一把金交椅娘且坐下，,1131132344
你叔王不让位再去骂他。,3124444441
自那日与徐杨决裂以后，,4443222434
独坐在寒宫院闷闷悠悠。,2442144411
先王爷晏驾后太子年幼，,1224444524
太师爷一心心想篡龙楼。,4121113422
他那里父女情全然无有，,1434322223
竟把我孤儿寡母当做了马牛。,433123314532
徐小姐把守在宫门口，,233334123
看一看不觉到八月中秋。,4144241411
李艳妃坐昭阳自思自想，,3414124143
想起了老王爷好不惨伤。,3353223431
耳边厢又听得朝靴响亮，,3114122134
想必是徐杨进了昭阳。,344224512
有一句话儿不好言讲，,314424323
我只得怀抱太子两泪汪汪口口声声哭的是先王！,33224453411331115412
自那日与六郎姻缘相见，,4443421214
行不安坐不宁情态缠绵。,2414422422
在潼台被贼擒在命好险，,4224224433
乱军中多亏他救我回还。,4111114322
这桩事闷得我柔肠百转，,4144232233
不知道他与我是否一般。,4141334311
百姓们闺房乐如花美眷，,3451242134
帝王家深宫院似水流年。,4211144322
幸喜得珍珠衫称心如愿，,4321111124
宋天子主婚姻此事成全。,4153113422
但愿得令公令婆别无异见，,44241422244
但愿得杨六郎心如石坚，,4422421221
但愿得状元媒月老引线，,4424224334
但愿得八主贤王从中周旋，早成姻眷，扫狼烟，叫那胡儿不敢进犯保叔王锦绣江山。,442132221123214321442243443123411
愿天下有情人都成姻眷，,4143221214
愿天下从此后国泰民安。,4142342421
自那日与六郎阵前相见，,4443424214
行不安坐不宁情态缠绵。,2414422422
在潼台被贼擒性命好险，,4224224433
乱军中多亏他救我回还。,4111114322
这桩事闷得我柔肠百转，,4144232233
不知道他与我是否一般。,4141334311
百姓们闺房乐如花美眷，,3451242134
帝王家深宫怨似水流年。,4211144322
幸喜得珍珠衫称心如愿，,4321111124
宋天子主婚姻此事成全。,4153113422
但愿得令公令婆别无意见，,44241422244
但愿得杨六郎心如石坚。,4422421221
但愿得状元媒月老引线，,4424224334
但愿得八主贤王从中周旋早成美眷、扫狼烟叫那胡儿不敢进犯、保叔王锦锈江山。,442132221123234321442243443123411
愿天下有情人都成姻眷，,4143221214
愿邦家从此后国泰民安。,4112342421
坐春闺只觉得光明似箭，,4113221244
无限的闲愁恨尽上眉尖。,2452243421
奴这里心中痛玉颜清减，,2431144213
夜不眠朝慵起又向谁言。,4422134422
昨日宫中何等宠幸，,24112334
有谁知一时错被逐宫廷。,3211244212
思想起从前事心中悔恨，,1332241134
但不知何日里再沐圣明。,4412434442
陈三两在大堂把话云，,213442342
公正的老爷细听分明。,145324112
我本是被骗进的富春院，,3344445414
发奋自强日夜读诗文。,144244212
诗书易礼都学会，,1143124
最可恨鸨儿叫我接客人。,4343243142
春秋亭外风雨暴，,1124134
何处悲声破寂寥。,2311442
在隔帘只见这一花轿，,422344114
想必是新婚渡鹊桥，,34411442
吉日良辰当欢笑，,2422114
为何鲛珠化泪抛？,2211441
此时却又明白了，,3244225
世上何尝尽富豪，,4422342
亦有饥寒悲怀抱，,4312124
也有失意痛哭嚎啕，,33144122
轿内的人儿弹别调，,44522424
必有隐情在心潮。,4332412
耳听得悲声惨心中如捣，,3121131123
同遇人为什么这样嚎啕？,2422254422
莫不是夫郎丑难谐女貌？,4441232234
莫不是强婚配鸦占鸾巢？,4442141422
叫梅香你把那好言相告，,4213343214
问那厢因何故痛哭无聊。,4411244122
听薛良一语来相告，,11213214
满腹骄矜顿雪潇，,3411431
人情冷暖凭天造，,2233214
谁能移动他半分毫。,22241412
我在不足他正少，,3442143
他为饥寒我为娇。,1212321
分我一枝珊瑚宝，,1311123
安他半世凤凰巢。,1144422
忙把梅香低声儿叫，,23211124
莫把姓名你信口晓，,43423433
这都是神话凭空造，,41424214
自把珠玉夸富豪，,4314142
麟儿那有神送到，,2243244
积德才生玉树苗，,1221442
小小囊儿何足道，,3322224
救她饥渴胜琼瑶。,4113422
当日里好风光忽觉转变，,1433111234
霎时间日色淡似坠西山。,4214444411
在轿中只觉得天昏地暗。,4413221144
耳听得风声断，雨声喧，雷声乱，乐声阑珊，人声呐喊，都道说是大雨倾天。,3121143112144121214314144311
那花轿必定是因陋就简，,4144441443
隔帘儿我也曾侧目偷观。,2223324411
虽然是古青庐以朴为俭，,1243123423
哪有这短花帘，旧花幔，参差流苏，残破不全。,33431241411212442
轿中人必定有一腔幽怨，,4124431114
她泪自弹、声续断、似杜鹃、啼别院、巴峡哀猿动人心弦，好不惨然。,1444144441224121242123432
于归日理应当喜形于面，,2143113224
为什么悲切切哭得可怜。,2251441232
那时节奴妆奁不下百万，,4222124434
怎奈我在轿中赤手空拳。,3434414312
急切里想起了锁麟囊一（呀）件，,243335322114
囊虽小却能做续命泉源。,2134244422
有金珠和珍宝光华灿烂，,3112131244
红珊瑚碧翡翠样样倶全。,2124344442
还有那夜明珠粒粒成串，,2344214424
还有那赤金链，紫瑛簪，白玉环，双凤錾，八宝钗钏一个个宝孕光含。,23441431124214413141443412
这囊儿虽非是千古罕见，,4221141334
换衣食也够她生活几年。,4123411232
低头离了洪洞县，,1225244
将身来在大街前。,1124412
未曾开言我心好惨，,42123133
过往的君子听我言。,43515132
哪一位去往南京转，,31443213
与我那三郎把信传。,33412342
就说苏三把命断，,4111344
来生变犬马我当报还。,214333142
对菱花暗地里芳心自转，,4214431143
听她言不由人喜上眉尖。,1124223421
果然是成佳偶两心欢恋，,3242133114
也算得人世间美满姻缘。,3422413312
儿的父为国家阵前命丧，,2542214241
撇下了奴一人好不悲凉。,3452123412
奴这里只把那结婚思量，,2433342114
倒不如与伯党匹配鸾凰。,3423233422
清早起我和他一度商量，,1333211414
不想到狠心郎一味猖狂。,4343121412
奴本当把关印付他执掌，,2313144123
又恐怕众将官说短论长。,4344111343
耳听得悲声惨心中如捣，,3121131123
同遇人为什么这样嚎啕。,2422254422
莫不是夫郎丑难谐女貌，,4441232234
莫不是强婚配鸦占鸾巢。,4442141422
叫梅香你把那好言相告，,4213343214
问那厢因何故痛哭无聊？,4411244122
梅香说话好颠倒，,2114313
不该人前乱解嘲。,4122432
怜贫济困是正道，,2244444
哪有个袖手旁观在壁上瞧。,33443214442
蠢才问话太潦草，,3244433
难免怀疑在心梢。,2322411
你不该人前逞骄傲，,34122314
不该词费又滔滔。,4124411
休要噪且站了，,144345
薛良与我去问一遭。,12334411
听薛良一语来相告，,11213214
满腹骄矜顿雪潇。,3411431
人情冷暖凭空造，,2233214
谁能移动它半分毫。,22241412
我正不足她正少，,3442143
她为饥寒我为骄。,1212321
分我一枝珊瑚宝，,1311123
安她半世凤凰剿。,1144423
忙把梅香低声叫，,2321114
莫把姓名你信口哓。,43423431
这都是神话凭空造，,41424214
自把珠玉夸富豪。,4314142
麟儿哪有神送到，,2233244
积德才生玉树苗。,1221442
小小囊儿何足道，,3322224
救她饥渴胜琼瑶。,4113422
非是我嘱咐叮咛把话讲，,1433412343
只怪你呆头呆脑慌慌张张。,34312131111
今夜晚非比那西厢待月、你懂提防、莫轻狂，,14313411443322412
关系你患难鸳鸯永宿在池塘。,143421134422
已然错请生波浪，,3243114
怎能够粗心大意你再荒唐。,32411443412
鼓打二更准时往，,3344323
桃花村口莫彷徨。,2113422
你不要高声不要嚷，,34411443
你必须眼观六路耳听八方。,34131443111
不但要仔细听、还要仔细想，,44434124343
是不是有人拍巴掌。,44432113
响一声你就还一掌，,31134213
响两声你就凑近身旁。,331344412
倘若是你响她也响，,34433133
那就是来了我西厢带路的小红娘。,44425311445322
你把我当做诸葛亮，,33314134
听我的号令上战场。,13544443
老爹爹清晨起前去出前，,3111232412
到叫我桂英儿挂在心头；,4434124412
将身儿坐至在草堂等候，,1124443234
等候了爹爹回细问根由。,3451124412
老爹爹清晨起前去出首，,3111232413
倒叫我桂英儿挂在心头。,3434124412
将身儿坐至在草堂等候，,1124443234
等候了爹爹回细问根由。,3451124412
老爹爹请息（呀）怒容儿细讲，,31131142243
我立志不嫁那状元才郎。,3444444222
父休笑薛平贵是花郎模样，,41412441224
贫穷人得了志比富还强。,2222543422
老爹爹请息怒容儿细讲，,3113142243
儿命苦怎配着状元才郎？,2433454222
父道那薛平贵是那化郎模样，,444124444224
这样人得了志比父还强。,4422543422
老爹爹发恩德将本修上，,3111121314
明早朝上金殿面奏吾皇。,2324144422
倘若是有道君皇恩浩荡，,3443412144
观此本免了儿一门祸殃。,1333521241
老爹爹在朝中官高爵显，,3114211123
却为何贪富贵不顾羞惭。,4221444412
蒙君子至殷勤再三问话，,3154124144
虽然是男女别不得不答。,1242324242
家住在罗郡城魁星楼下，,1442422124
我的父名姜绍贸易天涯。,3542144412
在家中受不过继母拷打，,4114444333
莫奈何到荒郊我就来捡芦花。,442411342321
蒙君子至诚心再三问话，,3154214144
虽然是不相识我就不得不答。,124411344242
家住在罗郡城魁星楼下，,1442422124
我爹爹名姜绍贸易天涯。,3112144412
身有病还受那继母拷打，,1342444333
因此上到郊外来捡芦花（呀）。,13441423211
猛听得金鼓响画角声震，,3121334314
唤起我破天门状志凌云。,4334124422
想当年桃花马上威风凛凛，,31221341133
敌血飞溅石榴裙。,2414222
有生之日责当尽，,3114213
寸土怎能够属于他人。,433243212
番王小丑何足论，,1233224
我一剑能挡百万兵。,31423341
母亲不必心太偏，,3144141
女儿言来听根源。,3222112
自古常言道得好，,4322423
女儿清白最为先。,3212421
人生不知顾脸面，,2141434
活在世上也枉然。,2444332
你的父去投军无音信，,354421214
全仗你打雁养娘亲，,24334321
把弓带和鱼镖与儿带定，,3142213244
不等到日落及早回程。,434442322
谯楼上二更鼓声声送听，,2244431141
父子们去采药未见回程。,4554344422
对孤灯思远道心神不定，,4111341244
不知他在荒山何处安身。,4114112311
到三更真个是月明人静，,4141444224
猛听得窗儿外似有人行。,3121244322
忙移步隔花荫留神听定，,2242142214
原来是秋风起扫叶之声。,2241133411
听画鼓报四更愈添凄冷，,1434444113
看娇儿正酣睡恐被风侵。,4124143411
我不免引寒机伴奴坐等，,3433214243
又思来又想去越不安宁。,4124344412
数更等交五鼓空房愈冷，,4431331243
果然是晓鸡唱天已黎明。,3243141322
我不免唤琏儿到街前探问，,34343241244
你爹爹到如今未转家门。,3114214312
苏三离了洪洞县，,1125244
将身来在大街前。,1124412
未曾开言心内惨，,4212143
过往的君子听我言。,43515132
哪一位去往南京转，,31443213
与我那三郎把信传。,33412342
言说苏三把命断，,2111344
来生变犬马我当报还！,214333142
听他言吓得我浑身是汗，,1124232144
十五载到今日才吐真言。,2334142312
原来是杨家将把名姓改换，,22421132434
他思家乡想骨肉就不能团圆。,111132444222
我这里走向前再把礼见，,3433424334
尊一声驸马爷细听咱言。,1114324122
早晚间休怪我言语怠慢，,3311432344
不知者不怪罪你的海量放宽。,413444353441
我的娘她忘了女生外姓，,3521453144
奴年交十九岁还守闺门。,2212342312
这几日身不爽心中烦闷，,4341431124
却原来母亲到儿未知情。,4223142412
我和你有什么夫妻的情，,3233251152
谁认你狼心狗肺的人！,243213452
我主爷金沙滩早把命丧，,3321113341
众文武扶哀家执掌军房。,4232112312
众卿随忙挂点亲率官员，,4122431412
一心心要夺取宋室江山。,1114234411
叫番儿忙摆驾银安殿，,412234214
阅兵书看何人前来何安。,4114222221
昔日里梁鸿配孟光，,14322441
今朝仙女会襄王。,1213412
暗地堪笑奴兄长，,4414213
安排虎计害刘王。,1234422
月老本是乔国丈，,4334224
纵有大事料无妨。,4344422
昔日梁鸿配孟光，,1422441
今朝仙女会襄王。,1213412
暗地堪笑我兄长，,4414313
安排巧计害刘王。,1234422
西施女生长在苎萝村里，,1131344213
难得有开怀事常锁双眉。,2231242312
只为着守清寒柴门近水，,3253122243
每日里浣纱去又傍清溪。,3434144411
怕只怕损玉颜姣容自惜，,4343421241
对清溪时照影自整罗农。,4112434322
Part 1,
受逼迫去捡柴泪如雨下，,4144324234
病恹恹身无力难以挣扎。,4111242311
奴好比花未开风吹雨打，,2331411133
想亲娘和老父心乱如麻。,3122341422
Part 2,
你继母心毒狠将你打骂，,3431231334
全（呐）不顾你身有病气力不佳。,244431344441
金钟响玉磬应王登龙庭，,1134412122
寡人喜的是五谷丰登。,323543311
文凭着邓先生策划有准，,2254114433
武仗着姚皇兄保定乾坤。,3452213421
内侍臣忙摆驾九龙口进，,4422343234
又听得殿角下大放悲声。,4124344411
老丈不（哇）必胆怕惊，,34414341
我有言来你是（喏）听。,33223431
休把我当作了妖魔论，,133145124
我本屈死一鬼魂。,3313132
我忙将树（呃）枝摆摇（哇）动，,3214413214
抓一（呀）把沙土扬灰尘。,111313212
我和你远无冤近无有仇恨，,32332142324
望求老丈把冤伸。,4234311
娘子不（哇）必太烈性，,25414444
卑（呀）人言来你是（喏）听。,112223431
赵屠二家有仇恨，,4241324
三百余口命赴幽冥。,13234412
我与那公孙杵臼把计定，,3341134344
他舍命来你我舍亲生。,144233411
舍子搭救忠（呃）良的后，,451414254
老天爷不绝我的后代根。,3124235441
你今舍了亲生子，,3145115
来年必定降麒麟。,2244422
千言万（哪）语她不肯，,12433143
不舍娇儿难救孤身。,44122411
无奈何我只得双（呃）膝跪，,2423321414
哀求娘子（喏）舍亲（呐）生。,122534141
叹兄兀弟遭不幸一旦丧命，,41441441414
丢下了年幼儿好不伤情。,1452423412
眼望着孤坟台珠泪难忍，,3451221423
见坟台不见人刀割我心。,4224421131
屠贼做事心太狠，,2244143
诬杀赵家一满门。,1141132
眼见得忠良无救应，,34212241
大事还要问程婴。,4424421
为国家那何曾半日闲空，,2214224421
我也曾平服了塞北西东。,3322254311
官封到节度使（喏）皇王恩重，,11424332214
身不爽不由人瞌睡朦胧（呃）。,14342214224
为国家哪何曾半日闲空，,2213224421
我也曾平服了塞北西东。,3322254311
官封到节度使（喏）皇王恩重，,11424332214
身不爽不由人瞌睡朦胧（呃）（哪）。,143422142243
为国家哪何曾半日闲空，,2213224421
我也曾平服了塞北西东。,3322254311
官封到节度史（喏）皇王恩重，,11424332214
身不爽不由人瞌睡朦胧。,1434221422
未开言不由人（呐）珠泪滚滚，,41242241433
天卸重任我就要（哇）你担承。,14443441312
二犬子（呃）皆年幼（哇）难当（呃）重任，,4354124121444
老朽年迈我也不能够担承。,33243342412
望使君放开怀慨然（呐）应（呐）允，,431412324143
救生灵（呐）积阴（呐）功也免得我坐卧不宁。,4124114133234442
心中有事难合眼，,1134223
翻来复去睡不安。,1244441
背地里只把东皋公怨，,443331114
叫人难解巧机关。,4223311
若是真心来救我，,4411243
为何几日他不言，,2234142
贪图富贵来害我，,1244243
你就该把我献与昭关。,341334311
哭一声爹娘不能相见，,111124214
不能（呃）哎见，爹娘（呃）。,42414124
要相逢除非是梦（呃）里团圆。,41221444322
鸡鸣犬吠五更（呃）天，,12343441
越思越想好伤惨，,4143313
想当初在朝为官宦，,31142214
朝臣待漏五更寒。,2244342
到如今夜宿在荒村院，,421444114
我冷冷清清向谁言（呃）。,333114224
我本当拔宝剑自寻短见，,3312344234
寻短（呃）哎见爹娘（呃）。,23414124
父母的冤仇化尘烟，,43512421
对天发下宏誓愿，,4114244
我不杀平王我的心怎甘。,3412235131
昔日里有一个孤竹君，,143314121
伯夷叔齐二大贤人，,22124422
都只为孤（哇）竹君身染重病（哪），,132112113443
传口诏命次子即位为君，,2344452421
那叔齐分长幼不能担任，,4121344214
那伯夷尊父命也不能应承，,42214434212
弟让兄来兄不能应（呐）允，,4412142143
兄（呃）推弟来两不能够担承。,14142342412
那伯夷出午门无（哇）有踪（呃）影，,422132213143
那叔齐逃出了后宰门，,412215432
首阳山前冻饿死（喏）。,32124433
留得美名万古存，,2232432
为父的怎比得孤竹君，,245332121
二娇儿也难比那两个贤人。,41232343422
打死了别家子父能作主，,3352154243
打死个秦官保父不能担承。,33421344212
徐茂公阴阳多奥妙，,24112144
文韬武略智谋高。,2134421
既是为我前来到，,4423224
缘何不救我出笼牢。,22443132
是是是（呀）来我明白了，,444123225
其中必有这巧（哇）妙高。,214343141
杨延昭奉父命巡查大营，,2214442242
在中途得一信甚是不明。,4122144442
迈虎步我且把宝帐来进，,4343333424
又只见老爹爹瞌睡沉沉。,4343111422
我本当将此事对他来论，,3311344124
又恐怕惊动了年迈之人。,4341452412
一轮明月照窗前，,1224412
愁人心（哪）中似箭穿。,22131441
实指（惹）望到吴国借兵回转，,23344224123
谁知昭关有阻拦。,2111332
幸遇那东皋公行方便，,444111214
他将我隐藏在后花园。,113344412
一连几天我的眉不（哇）展，,1231352413
夜夜何曾得安眠。,4422212
俺伍员好一似丧家犬，,332314113
满腹的含冤我向谁言（哪）！,3452134223
我好（哇）比哀哀长空雁，,331311314
我好比龙游在浅沙滩。,333224311
我好（哇）比鱼儿吞了钩线，,3313221514
我好（哇）比波浪中失舵的舟船（哪）。,3313141145123
思来想去我的肝肠断，,123435124
今夜晚怎能够盼到明天。,1433244421
心中有事难合眼，,1134223
翻来覆去睡不（哇）安。,12444411
背地里只把东皋公怨，,443331114
叫人难解巧机关，,4223311
若是真心来救我，,4411243
为何几日他不言。,2234142
贪图富贵来害我，,1244243
你就该把我献与昭关。,341334311
哭一声爹娘不能相见，,111124214
不能（哪）哎见爹娘（兀）！,42314124
要相逢陈非是梦（兀）里团圆。,41221444322
鸡鸣犬吠五更（哪）天，,12343431
越思越想好伤惨，,4143313
想当初在朝为官宦，,31142214
朝臣待漏（哇）五更寒，,22441342
到如今夜宿在荒村院，,421444114
我冷冷清清向谁言（哪）。,333114223
我本当拔宝剑自寻短见，,3312344234
寻短（哪）哎见爹娘（兀）！,23314124
父母的冤仇化尘烟，,43512421
对天发不宏誓愿，,4114244
我不杀平王我的心怎甘（哪）。,34122351313
一轮明月照窗前，,1224412
愁人心（呐）中似箭穿。,22141441
实指望到吴国借兵回转，,2344224123
谁知昭关有阻拦。,2111332
幸遇那东皋公行方便，,444111214
他将我隐藏在后花园。,113344412
一连几天我的眉不（呃）展，,1231352443
夜夜何曾得安眠。,4422212
俺伍员好一似丧家犬，,332314113
满腹的含冤我向谁言（喏）。,3452134223
我好（呃）比哀哀长空雁，,334311314
我好比龙游在浅沙滩。,333224311
我好（呃）比鱼儿吞了钩线，,3343221514
我好（呃）比波浪中失舵的舟船（喏）。,3343141145123
思来想去我的肝肠断，,123435124
今夜晚怎能够盼到明天。,1433244421
一轮明月照窗下，,1224414
陈宫心（呐）中乱如麻，,21141422
悔不该心猿并意马。,34112443
悔不该随他人到吕家，,341212431
吕伯奢可算得义气（呀）大，,3213424414
杀猪（喏）沽（哇）酒款待于他，,1131133421
又谁知此贼的疑心（呐）太（呀）大，,421325214414
拔出剑将他的满门杀，,214115321
一家人倶丧在宝剑之（喏）下，,11241434134
年迈的老丈命（呐）染黄沙。,2453444321
屈死的冤鬼魂休来怨（呐）咱，,13513212442
自有那神灵（啊）天地鉴察。,4342251442
听谯楼打罢了二（喏）更鼓下，,12234543434
越思越想把事来作差。,414334241
悔不该把家属一（呀）旦撇下，,34131311434
悔不该弃县今抛却了乌（哇）纱，,341441145111
我只说贼是个宽宏量大，,3312441244
汉室后来贼是个惹祸的根芽。,444224434512
观此贼睡卧真（呐）潇洒，,132441413
安眠好似并底之蛙，,12344311
贼好比蛟龙未生鳞甲，,233124123
贼好比猛虎未（呀）曾长牙，,2333341232
虎在笼中我不打，,3431343
我岂肯放虎归山又（哇）把人抓。,333431141321
执宝剑将贼的（呀）头割下，,2341251214
险些儿把事（喏）又（哇）作差。,3123434141
一轮明月照窗下，,1224414
陈宫心中乱如麻。,2111422
悔不该心猿并意马，,34112443
悔不该随他人到吕家。,341212431
吕伯奢可算得义气大，,321342444
杀猪沽酒款待与他。,11133431
又谁知此贼的疑心太大，,4213252144
拔出剑将他的满门杀。,214115321
一家人倶丧在宝剑之下，,1124143414
年迈老丈命染黄沙。,24344321
屈死的冤鬼魂休要怨咱，,1351321442
自有那神灵儿天地鉴察。,4342221442
一轮明月照窗下，,1224414
陈宫心（呐）中乱如麻，,21141422
悔不该心猿并意马，,34112443
悔不该随他人到吕家。,341212431
吕伯奢可算得义气（呀）大，,3213424414
杀猪（喏）沽酒款待与他，,113133431
又谁知此贼的疑心（呐）太（呀）大，,421325214414
拔出剑将他的满门杀，,214115321
一家人倶丧在宝剑之（喏）下，,11241434134
年迈的老丈命（呐）染黄沙。,2453444321
屈死的怨鬼魂休要怨（呐）咱，,13543214442
自有那神灵儿天地鉴察。,4342221442
怎能够思一计番营来进，,3241141224
前后话对文龙细说衷情。,2444224112
前也思（喏）后又想无有计定，,23134432344
倒不如上公安观看古今。,3424111431
自（喏）那日朝罢归身（呐）染重病，,434424114344
三更时梦（呃）见（呐）了年迈爹尊（呐）。,1424444524114
我前番命孟良骸骨搬（呐）请，,32144222143
那乃是萧天佐以（呀）假成真；,43411331321
二次（喏）里命孟良番营来进，,44334421224
又谁知焦克明他私（呀）自后跟（呐），,4211421114414
老军报他二人在洪洋（呃）洞丧（呃）命，,31414242244144
去了我左右膀难以飞行。,4533432312
为此事终（啊）日里忧成疾病，,23415431224
因此上臣的病重（呃）加十分、千岁爷呀！,134254441211421
此时间不可闹笑话，,32143444
胡言乱语怎瞒（呐）咱。,22433242
在长安是你夸大话，,43143144
为什么事到如今耍奸滑。,2254421312
左手拉住了李左车，,33145331
右手再把栾布拉。,4343241
三人同把那鬼门关上踏（啊），,12234321445
生死二字（喏）且由他。,13443321
此时间不可闹笑话，,32143444
胡言乱语怎瞒（呐）咱！,22433242
在长安是你夸大话，,43143144
为什么事到如今耍奸滑？,2254421312
左手拉住了李左车，,33145331
右手再把栾布拉，,4343241
三人同把那鬼门关上爬，,1223432142
生死二字（喏）且由他！,13443321
Part 1,
大喝一声（哪）如雷震，,41113224
杨家将令鬼神惊。,2114321
迈步且把宝帐（呀）进，,44333414
上面（哪）坐的同胞人。,44345212
弟兄们分别十五春，,41512231
怎知今日回宋营。,3114242
将身站在了阶前等，,11445123
问我一言答一声。,4312211
家住后山磁州郡，,1441214
火堪寨上有家门。,3144312
我父令公官极品，,3441123
我母佘氏老太君。,3324341
十五年前沙滩会，,2322114
失落番邦被贼擒。,1411422
六弟下位把兄认，,4444314
我是你四哥回宋营。,34341242
弟兄对坐叙寒温。,4144421
Part 2,
本帅帐中用目睁，,3441441
见一番汉帐中行。,4114412
龙行虎步非凡等，,2234123
灯光之下看不真。,1114441
本帅开言把他问，,3412314
你是番邦什么人？,3411252
家住哪州并哪郡？,1431434
要见本帅为何情？,4434222
听罢言来才知情，,1422212
原来四哥回宋营。,2241242
众将与爷忙掩（哪）门，,41322332
自己骨肉认不清。,4324441
走上前来忙松捆，,3422213
恨平王无道乱楚宫（兀），,422244314
父纳子（呃）妻礼难容，,44541322
我的（呀）父谏奏反把命（哪）送，,35144433434
满门的家着血染红。,32515432
将身儿来至在大街口，,112244413
尊一声过往的宾朋听从头：,11143512122
一不是响马与贼寇，,14433324
二不是歹人（呐）把城偷。,444324321
杨林与我来争斗，,2233214
因此上发配到登州。,13414411
舍不得太爷的恩情厚，,442425124
舍不得衙役们众班头。,442245412
实难舍街坊四邻与我的好朋友，,2241142335323
舍不得老娘（呃）白了头。,442324252
娘生儿连心肉，,212214
儿行千里母担忧。,2213311
儿想娘亲难叩首，,2321243
娘想儿来泪双流。,2322412
眼见得红日坠落在西山后，,34224444114
叫一声解差把店役。,41131344
见马谡（唩）跪帐下，,4341444
不由老夫咬钢牙，,4231312
大胆不听我的话，,4341354
失去了街亭差不差。,14512141
两国交（哇）锋龙虎斗，,32111234
各为其主统貔貅，,4223321
管待三（哪）军要宽厚，,34131414
赏罚中公（呃）平莫要自由。,3211424442
此一番领兵去镇守，,31131443
靠山近水把营收。,4143321
两国交锋龙虎斗，,3211234
各为其（呀）主统貔貅。,42213321
管带三（呐）军要宽厚，,34141414
赏罚中公（呃）平莫要自由。,3211424442
此一番领（呃）兵去镇守，,311341443
靠山近水把管收。,4143331
庆功宴上把酒饮，,4144333
想起桃园结拜情。,3322242
弟兄们创业多艰难，,41544112
又谁知中途两离分。,42112321
深宫无（哇）处不飞花，,11213411
年老得配女娇娃。,2324312
朝欢暮乐无牵挂，,2144214
耳听笙歌闹喧哗。,3111411
听他言听得我心（呐）惊胆怕，,11212314134
背转身只埋怨我自（呃）己作差，,431324344341
我先前只望他宽宏量（呃）大，,31234112444
却原（呐）来贼是个无（哇）义（呀）的冤家！,42422442141511
马行在来道内我难（呐）以回（呀）马，,3242443243213
这才是花随水水不（哇）能恋（呐）花。,4241233412441
这时候我只得暂且忍耐在心下，,4243324334414
既同行共（呃）大事必须要劝解于他（呀呃）。,4224444414432114
听他言吓得我心（呐）惊胆怕，,11242314134
背转身自埋怨我自（呃）已做差。,431424344341
我先前只望他宽宏量（呃）大，,31234112444
却愿（呐）来贼是个无（哇）义（呀）的冤家！,44422442141511
马行在来道内我难（呐）以回（呀）马，,3242443243213
这才是花随水水不（哇）能恋（呐）花。,4241233412441
这时候我只得暂且忍耐在心下，,4243324334414
既同行共（呃）大事必须要劝解于他（呀呃）。,4224444414432114
未曾开言泪汪汪，,4212411
尊一声太爷听端详。,11142112
家住在南阳太平庄，,14422421
姓刘名安字世昌。,4221441
奉母命京城往，,434123
贩卖绸缎转还乡。,4424321
行至在中途把雨降，,24412334
借宿一宵起祸殃。,4411341
赵大夫妻图财害命害我一命亡，,4411224443142
望求太爷与我作主张（啊）。,4242334315
我本是卧龙岗散淡哪的人，,33442344352
论阴阳如反掌保定乾坤。,4122333421
先帝呀爷下南阳御呀驾三请，,141242241413
算就了汉家的业鼎足哇三分。,445415432111
官封到武乡侯哇执掌帅印，,11431412344
东西战南北剿博古通呃今。,11423323141
周文王访姜尚周室大振，,1223141444
俺诸（喏）葛怎比得前辈呀的先哪生。,31333322415131
闲无哇事在敌楼哇我亮（呃）一亮琴哪音，,2214422134414231
我面前缺少个知呃音的人。,34213414152
我本是卧龙岗散淡（呐）的人，,33442344452
凭阴阳如反掌保定乾坤。,2122333421
先帝（呀）爷下南阳（呃）御驾三（呃）请，,1412422444143
算就了汉家的业鼎足（呃）三分。,445415432411
官封到武乡侯（呃）执掌帅印，,11431442344
东西战南北剿博古（呃）通（哦）今。,114233234121
周文王访姜尚周室大振，,1223141444
我诸葛怎比得前辈（呃）的先（呃）生。,3133322445141
闲无（呃）事在敌楼（呃）我亮一亮琴（呢）音，,224442243414221
我面前却少个知（呃）音的人。,34243414152
我主爷起义在芒砀，,33234424
拔剑斩蛇天下扬。,2432142
怀王也曾把旨降，,2232334
两路分（呐）兵定咸阳。,34141422
先进咸阳为皇上，,1422224
后进咸阳扶保在朝纲。,442223421
也是我主洪福广，,3433223
一路上得遇陆贾、郦生与张良。,144244341312
一路上秋毫无犯军威壮，,1441224114
我也曾约法定过三章。,332134411
项羽不遵怀王约，,4341221
反将我主贬汉王。,3133342
今日里萧何荐良将，,14312421
但愿得言听计从重整汉家邦、一同回故乡。,44221424341112241
撩袍端带我把金殿上，,221433144
扬尘舞蹈见大王。,2233442
一事无成两鬓斑，,1422341
叹光明一去不回还（呐）；,412144224
日月轮流催晓（哇）箭，,44221314
靠山绿（哇）水常在面前。,414132442
恨平王无道纲常乱，,42224124
信用无极狗奸谗。,4422312
他害我满门（呐）真悲惨，,143324113
我与奸贼不共戴天！,33124441
实指（喏）望到吴国借兵（呐）转，,23344224143
行至在昭关有阻拦。,24411332
一桩桩一件件倶已办就，,1111444344
请先生到江边即刻登舟。,3114112411
张公道三十五六（哇）子有靠，,11412341534
陈伯愚年半百无有后苗。,2222432342
为（呀）儿（啼）女我也曾朝山拜庙，,212233322144
为儿（喏）女我也曾补路修桥。,22333323412
怕将（呃）来老天爷无（哇）有果报，,414231221334
眼睁（呐）睁有何人去（呀）把纸烧。,314132241331
这一封（呃）书信来得巧，,411414223
天助黄忠成功劳。,1421212
站立在营门三军叫，,44422114
大小儿郎听根苗，,4322112
头通（呃）鼓紧战袍，,2143342
三通鼓刀出鞘四通（呃）鼓把兵交。,1131144143311
向前各各有赏犒，,4244334
退后的项上吃一刀。,44544111
三军与（呀）爷归营号，,11312124
到明天午时三刻要成功劳。,42132144212
自从千岁离朝后，,4214224
满朝中文武臣泪双流。,321232412
为千岁懒把朝房走，,21433223
为千岁懒观五凤楼。,21431342
山高路远少来问候，,11433244
望千岁恕学生礼貌不周。,4144213441
自古道吉人有天相，,43422311
主公不必加愁肠。,3144122
曾记得当年赴河梁，,24212422
二将军保架过长江。,41134431
今日主公把宴上，,1431344
四将军保架料也无妨。,411344322
忽听得万岁宣应龙，,11244112
在朝房来了我这保国忠。,4222534321
那一日打从大街进，,41432414
偶遇见小小的顽童放悲声，,34433522411
我问顽童啼哭因何故，,342221124
他言道严嵩老贼害他的举家一满门。,124213241531132
我劝顽童你休流泪，免悲声，邹老爷就是尔的报仇人。,342231243111324435422
站立在殿角用目来观定，,4444344214
上面坐的是有道君，,44454341
那一旁坐的就是严阁老，,4124544223
他本是我朝中上欺天子下压臣谋朝篡位卖国的奸贼他名叫严嵩，,134321411541222444251212421
我本当金（哪）殿奏一本怎奈我官卑职小不能够参大臣。,3311344133431123424142
罢、罢、罢，暂且忍却我的心头恨，,444433435124
在品级台（呀）前臣见君。,432212241
昨日里斩八将头挂营外，,2433112424
老娘亲为什么不讲情来？,3212254322
今日里斩宗保娘把儿怪，,1433132324
哭啼啼坐宝帐所为何来。,1224343222
叫焦赞将宝剑悬挂帐外，,4141342444
老娘亲再讲情儿自刎头来。,32143224322
Part 1,
问三娘发雷霆却是为何？,4121224422
Part 2,
老薛保你不必苦哀告，,313344314
背转身来哭嚎啕。,4312122
实指望教训他终身有靠，,2344411134
又谁知平白的闪跌一跤。,4212253111
Part 1,
登台拜帅是韩信，,1244424
未央宫斩的是何人？,41135422
小奴才真个不孝顺，,32214444
仙女嫁的又是何人？,13454422
我的儿说话言不逊，,35214244
句句话儿伤父心。,4442141
要退、要退、偏要退！,4444144
Part 2,
当年韩信与苏秦，,1224312
都是安邦定国臣，,1411422
淮阴漂母救韩信，,2113424
登台拜帅天下闻。,1244142
商鞅不中苏季子，,1141145
在六国封相人上人。,44211242
未央宫斩的是韩信，,41135424
难道说文官他就不丧身？,2412114411
仙女配的是董永，,1345433
大孝之人也受贫。,4412342
非是女儿言不逊，,1432244
爹爹为何你要退婚？,11223441
不能、不能、是万不能！,42424442
Part 1,
苏龙魏虎为媒证，,1243224
王丞相是我的主婚人（哪）。,2214353123
他三人与我有仇恨，,11233324
咬定牙关他就不认承。,342114442
西凉川四十单八站，,12142114
为军的要人我是不要钱。,2154234442
大嫂说话礼不端，,4314341
为军哪怕到官前。,2134412
衙里衙外我打点，,2324333
管保大嫂就断与咱。,33434432
好一个贞节王宝钏，,31412234
百般调戏也枉然。,3144332
腰中取出银一锭，,1131214
将银放在地平川。,1244421
这锭银、三两三，,442131
送与大嫂把家安。,4343311
买绫罗与绸缎、打首饰和簪环，,322324334212
我与你露水的夫妻就过几年（呐）。,3334351144324
是烈女就该在家院，,44341414
为何来在大道边。,2224441
为军起下不良的意呀，,213442541
一马双跨到西凉。,1314412
Part 2,
提起了旁人我不晓，,23522343
苏龙魏虎是内亲。,1243441
你我同把相府进，,3323134
三人对面（就）说分明。,12444112
我父在朝为官宦，,3442214
府内金银堆如山。,3412121
本利算来有多少，,3442313
命人送到（那）西凉川。,42444121
我进相府对父言，,3413442
家人小厮有万千。,1231341
将你带到官衙内，,1344124
打板子、上夹棍、丢南牢、坐监禁、管叫你思前容易退后难。,3354141224143431224442
军爷说话理不端，,1214341
欺奴犹如欺了天。,1222151
西凉的鞑子将你斩，,12525133
妻儿老小与奴一般。,12333211
这锭银子奴不要，,4425244
与你娘做一个安家钱。,332414112
买绫罗、做衣衫、买白纸、糊白幡、打首饰、做妆奁，,322411323221334412
落得个孝子的名儿在那天下传。,4244552244142
Part 1,
我和你好夫妻恩德不浅，,3233111243
贤公主又何必过于谦言。,2134244212
杨廷辉有一日愁眉得展，,2213142223
誓不忘贤公主恩重如山。,4442131421
非是我这几日愁眉不展，,1434342243
有一桩心腹事不敢明言。,3111444322
萧天佐摆天门两国交战，,1133123214
我的娘押粮草来到北番。,3521232431
我有心回宋营见母一面，,3312424314
怎奈我身在番难以过关。,3431412341
公主虽然不阻拦，,1312432
无有令箭怎过关。,2344341
公主赠我的金鈚箭，,13435124
见母一面即刻还。,4314242
宋营（哪）虽然路途远，,42312423
快马加鞭我一夜还。,43113142
公主叫我盟誓愿，,1343244
将身跪在地平川。,1144421
我若探母不回转，,3443423
黄沙盖脸尸骨不全。,21431242
Part 2,
讲什么夫妻情恩德不浅，,3251121243
咱与你隔南北千里姻缘。,2332231312
因何故终日里愁眉不展，,1241432243
有什么心腹事你只管明言。,32514433322
你那里休得要巧言舌辨，,3431243224
你要见高堂母我不阻拦。,3441233432
有心赠你金鈚箭，,3143124
怕你一去就不回还。,43144422
宋营离此路途远，,4223423
一夜之间你怎能回还。,141133222
适才叫咱盟誓愿，,4242244
你也对苍天就表一番。,334114311