daeh-CanQiQi-WuLongZuo.xml,惨凄凄唤苍天天不应响，
,叹红颜多薄命父母双亡。
,千金休哪曾受磨房景况，
,担几肩头晕转体若筛糠。
daeh-LiYanFei-DaBaoGuo.xml,李艳妃设早朝龙书案下，
,文站东武列西朝贺哀家。
,太师爷奏一本进贡年下，
,各国的众王侯朝贺中华。
,将江山让太师权且代贺，
,候幼主成了龙原业归家。
,写文约我且把玉玺打下，
,宣太师上金殿披红插花。
,赐你的上方剑朝房问话，
,压定了文武臣均要画押。
daeh-LiYanFei-ErJinGong.xml,李艳妃坐昭阳自思自想，
,想起了朝中事好不惨伤！
,耳边厢又听得朝靴响亮，
,想必是徐杨将进了昭阳。
,有几句话儿我不好言讲，
,我只得怀抱太子两泪汪汪，
,口口声声哭的是先王。
daeh-NaRiFeng-YuanXiaoMi.xml,那日风波平地起，
,死里逃生甚惨凄。
,舅父前来出主意，
,我与母亲两分离。
,母女隔断三千里，
,那厢流泪这厢啼。
,我今绝少人生趣，
,不如早死命归西。
daeh-NuZiYou-TouJunBieYao.xml,奴自幼在闺阁娇生惯养，
,为薛郎我父女断绝情长。
,但愿得去投军功名有望，
,也不枉我二人苦度时光。
daeh-SunShangXiang-BieHuangGong.xml,孙尚香坐宫院自思自叹，
,想起了已往事心内痛酸。
,遭不幸父王爷把驾来晏，
,留下了孙仲谋执掌江南。
,与周郎定巧计把皇叔来骗，
,又谁知弄假成真反配凤鸾。
,回荆州未三载诓我回转，
,阿斗儿行中途被子龙追还。
,恨只恨我兄长把事错办，
,叹一声不由人珠泪涟涟。
daeh-TanHongYan-HuoXiaoYu.xml,叹红颜薄命前生就，
,美满姻缘付东流。
,薄幸冤家音信无有，
,啼花泣月在暗里（呀）添愁。
,枕边泪（呀）共（那）阶前雨，
,隔着窗儿点滴不休。
daeh-WangChunE-SanNiangJiaoZi.xml,王春娥坐草堂自思自叹，
,想起了我老爷好不惨然。
,春娥女好一此失群孤雁，
,老薛保好一似浪里舟船。
,薛倚儿他好比无弓之箭，
,每日里在书房苦读圣贤。
,将身儿来至在机房织绢，
,等候了薛倚儿转回家园。
daeh-WuDuanQiao-BiYuZan.xml,无端巧计将人陷，
,薄命自伤怨红颜。
,独处闺房愁无限，
,落得孤身病恹恹。
,今生若被郎轻贱，
,满腹冤屈向谁言。
,一心早想寻短见，
,又怕丑名误流传。
daeh-XiaoNuCai-SanNiangJiaoZi.xml,小奴才他一言问住我，
,闭口无言王春娥。
,哭一声亡故夫在阴曹等我，
,等候了你妻子同见阎罗。
,怒气不息在机房闷坐，
,叹一声不由人珠泪如梭。
daeh-ZaoBuXing-HeHouMaDian.xml,遭不幸老王爷晏了御驾，
,贼昏王篡了位谋乱邦家。
,把一个皇太子逼死殿下，
,反倒说为嫂我拦阻有差，
,贼好比王莽贼称孤道寡，
,贼好比曹阿瞒半点不差，
,贼好比秦赵高指鹿为马，
,贼好比那司马师搅乱中华。
,只骂得贼昏王装聋作哑，
,只骂得贼昏王扭转身驱、闭目合晴、羞羞惭惭一语不发，
,只骂得贼昏王无言对答。
,两旁的文武臣珠泪如麻，
,搬一把金交椅娘且坐下，
,你叔王不让位再去骂他。
daeh-ZiNaRi-ErJinGong.xml,自那日与徐杨决裂以后，
,独坐在寒宫院闷闷悠悠。
,先王爷晏驾后太子年幼，
,太师爷一心心想篡龙楼。
,他那里父女情全然无有，
,竟把我孤儿寡母当做了马牛。
,徐小姐把守在宫门口，
,看一看不觉到八月中秋。
,李艳妃坐昭阳自思自想，
,想起了老王爷好不惨伤。
,耳边厢又听得朝靴响亮，
,想必是徐杨进了昭阳。
,有一句话儿不好言讲，
,我只得怀抱太子两泪汪汪。
,口口声声哭的是先王！
daeh-ZiNaRi-ZhuangYuanMei-1.xml,自那日与六郎姻缘相见，
,行不安坐不宁情态缠绵。
,在潼台被贼擒在命好险，
,乱军中多亏他救我回还。
,这桩事闷得我柔肠百转，
,不知道他与我是否一般。
,百姓们闺房乐如花美眷，
,帝王家深宫院似水流年。
,幸喜得珍珠衫称心如愿，
,宋天子主婚姻此事成全。
,但愿得令公令婆别无异见，
,但愿得杨六郎心如石坚，
,但愿得状元媒月老引线，
,但愿得八主贤王从中周旋，早成姻眷，扫狼烟，叫那胡儿不敢进犯保叔王锦绣江山。
,愿天下有情人都成姻眷，
,愿天下从此后国泰民安。
daeh-ZiNaRi-ZhuangYuanMei-2.xml,自那日与六郎阵前相见，
,行不安坐不宁情态缠绵。
,在潼台被贼擒性命好险，
,乱军中多亏他救我回还。
,这桩事闷得我柔肠百转，
,不知道他与我是否一般。
,百姓们闺房乐如花美眷，
,帝王家深宫怨似水流年。
,幸喜得珍珠衫称心如愿，
,宋天子主婚姻此事成全。
,但愿得令公令婆别无意见，
,但愿得杨六郎心如石坚。
,但愿得状元媒月老引线，
,但愿得八主贤王从中周旋早成美眷，
,扫狼烟叫那胡儿不敢进犯，
,保叔王锦锈江山。
,愿天下有情人都成姻眷，
,愿邦家从此后国泰民安。
daeh-ZuoChunGui-XiShi.xml,坐春闺只觉得光明似箭，
,无限的闲愁恨尽上眉尖。
,奴这里心中痛玉颜清减，
,夜不眠朝慵起又向谁言。
daeh-ZuoRiGong-TaiZhenWaiChuan.xml,昨日宫中何等宠幸，
,有谁知一时错被逐宫廷。
,思想起从前事心中悔恨，
,但不知何日里再沐圣明。
daxp-ChenSanLiang-ChenSanLiangPaTang.xml,陈三两在大堂把话云，
,公正的老爷细听分明。
,我本是被骗进的富春院，
,发奋自强日夜读诗诗书易礼都学会，
,最可恨鸨儿叫我接客人。
daxp-ChunQiuTing-SuoLinNang.xml,春秋亭外风雨暴，
,何处悲声破寂寥。
,在隔帘只见这一花轿，
,想必是新婚渡鹊桥，
,吉日良辰当欢笑，
,为何鲛珠化泪抛？
,此时却又明白了，
,世上何尝尽富豪，
,亦有饥寒悲怀抱，
,也有失意痛哭嚎啕，
,轿内的人儿弹别调，
,必有隐情在心潮。
,耳听得悲声惨心中如捣，
,同遇人为什么这样嚎啕？
,莫不是夫郎丑难谐女貌？
,莫不是强婚配鸦占鸾巢？
,叫梅香你把那好言相告，
,问那厢因何故痛哭无聊。
,听薛良一语来相告，
,满腹骄矜顿雪潇，
,人情冷暖凭天造，
,谁能移动他半分毫。
,我在不足他正少，
,他为饥寒我为娇。
,分我一枝珊瑚宝，
,安他半世凤凰巢。
,忙把梅香低声儿叫，
,莫把姓名你信口晓，
,这都是神话凭空造，
,自把珠玉夸富豪，
,麟儿那有神送到，
,积德才生玉树苗，
,小小囊儿何足道，
,救她饥渴胜琼瑶。
daxp-DangRiLi-SuoLinNang.xml,当日里好风光忽觉转变，
,霎时间日色淡似坠西山。
,在轿中只觉得天昏地暗。
,耳听得风声断，雨声喧，雷声乱，乐声阑珊，人声呐喊，都道说是大雨倾天。
,那花轿必定是因陋就简，隔帘儿，我也曾侧目偷观。
,虽然是古青庐以朴为俭，
,哪有这短花帘，旧花幔，参差流苏，残破不全。
,轿中人必定有一腔幽怨，她泪自弹，声续断，似杜鹃，啼别院，巴峡哀猿动人心弦，好不惨然。
,于归日理应当喜形于面，
,为什么悲切切哭得可怜。
,那时节奴妆奁不下百万，
,怎奈我在轿中赤手空拳。
,急切里想起了锁麟囊一（呀）件，
,囊虽小却能做续命泉源。
,有金珠和珍宝光华灿烂，
,红珊瑚碧翡翠样样倶全。
,还有那夜明珠粒粒成串，
,还有那赤金链，紫瑛簪，白玉环，双凤錾，八宝钗钏一个个宝孕光含。
,这囊儿虽非是千古罕见，
,换衣食也够她生活几年。
daxp-DiTouLi-NvQiJie.xml,低头离了洪洞县，
,将身来在大街前。
,未曾开言我心好惨，
,过往的君子听我言。
,哪一位去往南京转，
,与我那三郎把信传。
,就说苏三把命断，
,来生变犬马我当报还。
daxp-DuiLingHua-BiYuZan.xml,对菱花暗地里芳心自转，
,听她言不由人喜上眉尖。
,果然是成佳偶两心欢恋，
,也算得人世间美满姻缘。
daxp-ErDeFu-HongNiGuan.xml,儿的父为国家阵前命丧，
,撇下了奴一人好不悲凉。
,奴这里只把那结婚思量，
,倒不如与伯党匹配鸾凰。
,清早起我和他一度商量，
,不想到狠心郎一味猖狂。
,奴本当把关印付他执掌，
,又恐怕众将官说短论长。
daxp-ErTingDe-SuoLinNang.xml,耳听得悲声惨心中如捣，
,同遇人为什么这样嚎啕。
,莫不是夫郎丑难谐女貌，
,莫不是强婚配鸦占鸾巢。
,叫梅香你把那好言相告，
,问那厢因何故痛哭无聊？
,梅香说话好颠倒，
,不该人前乱解嘲。
,怜贫济困是正道，
,哪有个袖手旁观在壁上瞧。
,蠢才问话太潦草，
,难免怀疑在心梢。
,你不该人前逞骄傲，
,不该词费又滔滔。
,休要噪且站了，
,薛良与我去问一遭。
,听薛良一语来相告，
,满腹骄矜顿雪潇。
,人情冷暖凭空造，
,谁能移动它半分毫。
,我正不足她正少，
,她为饥寒我为骄。
,分我一枝珊瑚宝，
,安她半世凤凰剿。
,忙把梅香低声叫，
,莫把姓名你信口哓。
,这都是神话凭空造，
,自把珠玉夸富豪。
,麟儿哪有神送到，
,积德才生玉树苗。
,小小囊儿何足道，
,救她饥渴胜琼瑶。
daxp-FeiShiWo-TaoHuaCun.xml,非是我嘱咐叮咛把话讲，
,只怪你呆头呆脑慌慌张张。
,今夜晚非比那西厢待月，你懂提防，莫轻狂，关系你患难鸳鸯永宿在池塘。
,已然错请生波浪，
,怎能够粗心大意你再荒唐。
,鼓打二更准时往，
,桃花村口莫彷徨。
,你不要高声不要嚷，
,你必须眼观六路耳听八方。
,不但要仔细听，还要仔细想，是不是有人拍巴掌。
,响一声你就还一掌，
,响两声你就凑近身旁。
,倘若是你响她也响，
,那就是来了我西厢带路的小红娘。
,你把我当做诸葛亮，
,听我的号令上战场。
daxp-LaoDieDie-DaYuShaJia-1.xml,老爹爹清晨起前去出前，
,到叫我桂英儿挂在心头；将身儿坐至在草堂等候，
,等候了爹爹回细问根由。
daxp-LaoDieDie-DaYuShaJia-2.xml,老爹爹清晨起前去出首，
,倒叫我桂英儿挂在心头。
,将身儿坐至在草堂等候，
,等候了爹爹回细问根由。
daxp-LaoDieDie-SanJiZhang-1.xml,老爹爹请息（呀）怒容儿细讲，
,我立志不嫁那状元才郎。
,父休笑薛平贵是花郎模样，
,贫穷人得了志比富还强。
daxp-LaoDieDie-SanJiZhang-2.xml,老爹爹请息怒容儿细讲，
,儿命苦怎配着状元才郎？
,父道那薛平贵是那化郎模样，
,这样人得了志比父还强。
daxp-LaoDieDie-YuZhouFeng.xml,老爹爹发恩德将本修上，
,明早朝上金殿面奏吾皇。
,倘若是有道君皇恩浩荡，
,观此本免了儿一门祸殃。
,老爹爹在朝中官高爵显，
,却为何贪富贵不顾羞惭。
daxp-MengJunZi-ChunQiuPei-1.xml,蒙君子至殷勤再三问话，
,虽然是男女别不得不答。
,家住在罗郡城魁星楼下，
,我的父名姜绍贸易天涯。
,在家中受不过继母拷打，
,莫奈何到荒郊我就来捡芦花。
daxp-MengJunZi-ChunQiuPei-2.xml,蒙君子至诚心再三问话，
,虽然是不相识我就不得不答。
,家住在罗郡城魁星楼下，
,我爹爹名姜绍贸易天涯。
,身有病还受那继母拷打，
,因此上到郊外来捡芦花（呀）。
daxp-MengTingDe-MuiGuiYingGuaShuai.xml,猛听得金鼓响画角声震，
,唤起我破天门状志凌云。
,想当年桃花马上威风凛凛，
,敌血飞溅石榴裙。
,有生之日责当尽，
,寸土怎能够属于他人。
,番王小丑何足论，
,我一剑能挡百万兵。
daxp-MuQinBu-FengHuanChao.xml,母亲不必心太偏，
,女儿言来听根源。
,自古常言道得好，
,女儿清白最为先。
,人生不知顾脸面，
,活在世上也枉然。
daxp-NiDeFu-FenHeWan.xml,你的父去投军无音信，
,全仗你打雁养娘亲，
,把弓带和鱼镖与儿带定，
,不等到日落及早回程。
daxp-QiaoLouShang-HuangShanLei.xml,谯楼上二更鼓声声送听，
,父子们去采药未见回程。
,对孤灯思远道心神不定，
,不知他在荒山何处安身。
,到三更真个是月明人静，
,猛听得窗儿外似有人行。
,忙移步隔花荫留神听定，
,原来是秋风起扫叶之声。
,听画鼓报四更愈添凄冷，
,看娇儿正酣睡恐被风侵。
,我不免引寒机伴奴坐等，
,又思来又想去越不安宁。
,数更等交五鼓空房愈冷，
,果然是晓鸡唱天已黎明。
,我不免唤琏儿到街前探问，
,你爹爹到如今未转家门。
daxp-SuSanLi-NvQiJie.xml,苏三离了洪洞县，
,将身来在大街前。
,未曾开言心内惨，
,过往的君子听我言。
,哪一位去往南京转，
,与我那三郎把信传。
,言说苏三把命断，
,来生变犬马我当
daxp-TingTaYan-ZuoGong.xml,听他言吓得我浑身是汗，
,十五载到今日才吐真言。
,原来是杨家将把名姓改换，
,他思家乡想骨肉就不能团圆。
,我这里走向前再把礼见，
,尊一声驸马爷细听咱言。
,早晚间休怪我言语怠慢，
,不知者不怪罪你的海量放宽。
daxp-WoDeNiang-XinAnYi.xml,我的娘她忘了女生外姓，
,奴年交十九岁还守闺门。
,这几日身不爽心中烦闷，
,却原来母亲到儿未知情。
daxp-WoHeNi-SangYuanHui.xml,我和你有什么夫妻的情，
,谁认你狼心狗肺的人！
daxp-WoZhuYe-SiLangTanMu.xml,我主爷金沙滩早把命丧众文武扶哀家执掌军房。
,众卿随忙挂点亲率官员，
,一心心要夺取宋室江山。
,叫番儿忙摆驾银安殿，
,阅兵书看何人前来何安。
daxp-XiRiLi-LongFengChengXiang.xml,昔日里梁鸿配孟光，
,今朝仙女会襄王。
,暗地堪笑奴兄长，
,安排虎计害刘王。
,月老本是乔国丈，
,纵有大事料无妨。
daxp-XiRiLiang-LongFengChengXiang.xml,昔日梁鸿配孟光，
,今朝仙女会襄王。
,暗地堪笑我兄长，
,安排巧计害刘王。
daxp-XiShiNv-XiShi.xml,西施女生长在苎萝村里，
,难得有开怀事常锁双眉。
,只为着守清寒柴门近水，
,每日里浣纱去又傍清溪。
,怕只怕损玉颜姣容自惜，
,对清溪时照影自整罗农。
dldeh-ShouBiPo-ChunQiuPei.xml,Part 1
,受逼迫去捡柴泪如雨下，
,病恹恹身无力难以挣扎。
,奴好比花未开风吹雨打，
,想亲娘和老父心乱如麻。
,Part 2
,你继母心毒狠将你打骂，
,全（呐）不顾你身有病气力不佳。
lseh-JinZhongXiang-ShangTianTai.xml,金钟响玉磬应王登龙庭，
,寡人喜的是五谷丰登。
,文凭着邓先生策划有准，
,武仗着姚皇兄保定乾坤。
,内侍臣忙摆驾九龙口进，
,又听得殿角下大放悲声。
lseh-LaoZhangBu-WuPenJi.xml,老丈不（哇）必胆怕惊，
,我有言来你是（喏）听。
,休把我当作了妖魔论，
,我本屈死一鬼魂。
,我忙将树（呃）枝摆摇（哇）动，
,抓一（呀）把沙土扬灰尘。
,我和你远无冤近无有仇恨，
,望求老丈把冤伸。
lseh-NiangZiBu-SouGuJiuGu.xml,娘子不（哇）必太烈性，
,卑（呀）人言来你是（喏）听。
,赵屠二家有仇恨，
,三百余口命赴幽冥。
,我与那公孙杵臼把计定，
,他舍命来你我舍亲生。
,舍子搭救忠（呃）良的后，
,老天爷不绝我的后代根。
,你今舍了亲生子，
,来年必定降麒麟。
,千言万（哪）语她不肯，
,不舍娇儿难救孤身。
,无奈何我只得双（呃）膝跪，
,哀求娘子（喏）舍亲（呐）生。
lseh-TanXiongDi-SangYuanJiZi.xml,叹兄兀弟遭不幸一旦丧命，
,丢下了年幼儿好不伤情。
,眼望着孤坟台珠泪难忍，
,见坟台不见人刀割我心。
lseh-TuZeiZuo-SouGuJiuGu.xml,屠贼做事心太狠，
,诬杀赵家一满门。
,眼见得忠良无救应，
,大事还要问程婴。
lseh-WeiGuoJia-HongYangDong-1.xml,为国家那何曾半日闲空，
,我也曾平服了塞北西东。
,官封到节度使（喏）皇王恩重，
,身不爽不由人瞌睡朦胧（呃）。
lseh-WeiGuoJia-HongYangDong-2.xml,为国家哪何曾半日闲空，
,我也曾平服了塞北西东。
,官封到节度使（喏）皇王恩重，
,身不爽不由人瞌睡朦胧（呃）（哪）。
lseh-WeiGuoJia-HongYangDong-3.xml,为国家哪何曾半日闲空，
,我也曾平服了塞北西东。
,官封到节度史（喏）皇王恩重，
,身不爽不由人瞌睡朦胧。
lseh-WeiKaiYan-RangXuZhou.xml,未开言不由人（呐）珠泪滚滚，
,天卸重任我就要（哇）你担承。
,二犬子（呃）皆年幼（哇）难当（呃）重任，
,老朽年迈我也不能够担承。
,望使君放开怀慨然（呐）应（呐）允，
,救生灵（呐）积阴（呐）功也免得我坐卧不宁。
lseh-XinZhongYou-WenZhaoGuan.xml,心中有事难合眼，
,翻来复去睡不安。
,背地里只把东皋公怨，
,叫人难解巧机关。
,若是真心来救我，
,为何几日他不言，
,贪图富贵来害我，
,你就该把我献与昭关。
,哭一声爹娘不能相见，
,不能（呃）哎见。
,爹娘（呃）要相逢除非是梦（呃）里团圆。
,鸡鸣犬吠五更（呃）天，
,越思越想好伤惨，
,想当初在朝为官宦，
,朝臣待漏五更寒。
,到如今夜宿在荒村院，
,我冷冷清清向谁言。
,（呃）我本当拔宝剑自寻短见，
,寻短（呃）哎见。
,爹娘（呃）父母的冤仇化尘烟，
,对天发下宏誓愿，
,我不杀平王我的心怎甘。
lseh-XiRiLi-BaoLianDeng.xml,昔日里有一个孤竹君，
,伯夷叔齐二大贤人，
,都只为孤（哇）竹君身染重病（哪），
,传口诏命次子即位为君，
,那叔齐分长幼不能担任，
,那伯夷尊父命也不能应承，
,弟让兄来兄不能应（呐）允，
,兄（呃）推弟来两不能够担承。
,那伯夷出午门无（哇）有踪（呃）影，
,那叔齐逃出了后宰门，
,首阳山前冻饿死（喏）。
,留得美名万古存，
,为父的怎比得孤竹君，
,二娇儿也难比那两个贤人。
,打死了别家子父能作主，
,打死个秦官保父不能担承。
lseh-XuMaoGong-QinQiongFaPei.xml,徐茂公阴阳多奥妙，
,文韬武略智谋高。
,既是为我前来到，
,缘何不救我出笼牢。
,是是是（呀）来我明白了，
,其中必有这巧（哇）妙高。
lseh-YangYanZhao-PengBei.xml,杨延昭奉父命巡查大营，
,在中途得一信甚是不明。
,迈虎步我且把宝帐来进，
,又只见老爹爹瞌睡沉沉。
,我本当将此事对他来论，
,又恐怕惊动了年迈之人。
lseh-YiLunMing-WenZhaoGuan-1.xml,一轮明月照窗前，
,愁人心（哪）中似箭穿。
,实指（惹）望到吴国借兵回转，
,谁知昭关有阻拦。
,幸遇那东皋公行方便，
,他将我隐藏在后花园。
,一连几天我的眉不（哇）展，
,夜夜何曾得安眠。
,俺伍员好一似丧家犬，
,满腹的含冤我向谁言！
,（哪）我好（哇）比哀哀长空雁，
,我好比龙游在浅沙滩。
,我好（哇）比鱼儿吞了钩线，
,我好（哇）比波浪中失舵的舟船。
,（哪）思来想去我的肝肠断，
,今夜晚怎能够盼到明天。
,难合眼，翻来覆去睡不（哇）安。
,背地里只把东皋公怨叫人难解巧机关，
,若是真心来救我，
,为何几日他不言。
,贪图富贵来害我，
,你就该把我献与昭关。
,哭一声爹娘不能相见，
,不能（哪）哎见，
,爹娘！
,（兀）要相逢陈非是梦（兀）里团圆。
,鸡鸣犬吠五更（哪）天，
,越思越想好伤惨，
,想当初在朝为官宦，
,朝臣待漏（哇）五更寒，
,到如今夜宿在荒村院，
,我冷冷清清向谁言。
,（哪）我本当拔宝剑自寻短见，
,寻短（哪）哎见，
,爹娘！
,（兀）父母的冤仇化尘烟，
,对天发不宏誓愿，
,我不杀平王我的心怎甘。
,（哪）
lseh-YiLunMing-WenZhaoGuan-2.xml,一轮明月照窗前，
,愁人心（呐）中似箭穿。
,实指望到吴国借兵回转，
,谁知昭关有阻拦。
,幸遇那东皋公行方便，
,他将我隐藏在后花园。
,一连几天我的眉不（呃）展，
,夜夜何曾得安眠。
,俺伍员好一似丧家犬，
,满腹的含冤我向谁言（喏）。
,我好（呃）比哀哀长空雁，
,我好比龙游在浅沙滩。
,我好（呃）比鱼儿吞了钩线，
,我好（呃）比波浪中失舵的舟船（喏）。
,思来想去我的肝肠断，
,今夜晚怎能够盼到明天。
lseh-YiLunMing-ZhuoFangCao-1.xml,一轮明月照窗下，
,陈宫心（呐）中乱如麻，
,悔不该心猿并意马。
,悔不该随他人到吕家，
,吕伯奢可算得义气（呀）大，
,杀猪（喏）沽（哇）酒款待于他，
,又谁知此贼的疑心（呐）太（呀）大，
,拔出剑将他的满门杀，
,一家人倶丧在宝剑之（喏）下，
,年迈的老丈命（呐）染黄沙。
,屈死的冤鬼魂休来怨（呐）咱，
,自有那神灵（啊）天地鉴察。
,听谯楼打罢了二（喏）更鼓下，
,越思越想把事来作差。
,悔不该把家属一（呀）旦撇下，
,悔不该弃县今抛却了乌（哇）纱，
,我只说贼是个宽宏量大，
,汉室后来贼是个惹祸的根芽。
,观此贼睡卧真（呐）潇洒，
,安眠好似并底之蛙，
,贼好比蛟龙未生鳞甲，
,贼好比猛虎未（呀）曾长牙，
,虎在笼中我不打，
,我岂肯放虎归山又（哇）把人抓。
,执宝剑将贼的（呀）头割下，
,险些儿把事（喏）又（哇）作差。
lseh-YiLunMing-ZhuoFangCao-2.xml,一轮明月照窗下，
,陈宫心中乱如麻。
,悔不该心猿并意马，
,悔不该随他人到吕家。
,吕伯奢可算得义气大，
,杀猪沽酒款待与他。
,又谁知此贼的疑心太大，
,拔出剑将他的满门杀。
,一家人倶丧在宝剑之下，
,年迈老丈命染黄沙。
,屈死的冤鬼魂休要怨咱，
,自有那神灵儿天地鉴察。
lseh-YiLunMing-ZhuoFangSuDian.xml,一轮明月照窗下，
,陈宫心（呐）中乱如麻，
,悔不该心猿并意马，
,悔不该随他人到吕家。
,吕伯奢可算得义气（呀）大，
,杀猪（喏）沽酒款待与他，
,又谁知此贼的疑心（呐）太（呀）大，
,拔出剑将他的满门杀，
,一家人倶丧在宝剑之（喏）下，
,年迈的老丈命（呐）染黄沙。
,屈死的怨鬼魂休要怨（呐）咱，
,自有那神灵儿天地鉴察。
lseh-ZenNengGou-BaDaChui.xml,怎能够思一计番营来进，
,前后话对文龙细说衷情。
,前也思（喏）后又想无有计定，
,倒不如上公安观看古今。
lseh-ZiNaRi-HongYangDong.xml,自（喏）那日朝罢归身（呐）染重病，
,三更时梦（呃）见（呐）了年迈爹尊（呐）。
,我前番命孟良骸骨搬（呐）请，
,那乃是萧天佐以（呀）假成真；二次（喏）里命孟良番营来进，
,又谁知焦克明他私（呀）自后跟（呐），
,老军报他二人在洪洋（呃）洞丧（呃）命，
,去了我左右膀难以飞行。
,为此事终（啊）日里忧成疾病，
,因此上臣的病重（呃）加十分。
,千岁爷呀！
lsxp-CiShiJian-HuaiHeYing-1.xml,此时间不可闹笑话，
,胡言乱语怎瞒（呐）咱。
,在长安是你夸大话，
,为什么事到如今耍奸滑。
,左手拉住了李左车，
,右手再把栾布拉。
,三人同把那鬼门关上踏，
,（啊）生死二字（喏）且由他。
lsxp-CiShiJian-HuaiHeYing-2.xml,此时间不可闹笑话，
,胡言乱语怎瞒（呐）咱！
,在长安是你夸大话，
,为什么事到如今耍奸滑？
,左手拉住了李左车，
,右手再把栾布拉，
,三人同把那鬼门关上爬，
,生死二字（喏）且由他！
lsxp-DaHeYi-SiLangTanMu.xml,Part 1
,大喝一声（哪）如雷震，
,杨家将令鬼神惊。
,迈步且把宝帐（呀）进，
,上面（哪）坐的同胞人。
,弟兄们分别十五春，
,怎知今日回宋营。
,将身站在了阶前等，
,问我一言答一声。
,家住后山磁州郡，
,火堪寨上有家门。
,我父令公官极品，
,我母佘氏老太君。
,十五年前沙滩会，
,失落番邦被贼擒。
,六弟下位把兄认，
,我是你四哥回宋营。
,弟兄对坐叙寒温。
,Part 2
,本帅帐中用目睁，
,见一番汉帐中行。
,龙行虎步非凡等，
,灯光之下看不真。
,本帅开言把他问，
,你是番邦什么人？
,家住哪州并哪郡？
,要见本帅为何情？
,听罢言来才知情，
,原来四哥回宋营。
,众将与爷忙掩（哪）门，
,自己骨肉认不清。
,走上前来忙松捆，
lsxp-HenPingWang-WenZhaoGuan.xml,恨平王无道乱楚宫，
,（兀）父纳子（呃）妻礼难容，
,我的（呀）父谏奏反把命（哪）送，
,满门的家着血染红。
lsxp-JiangShenEr-SanJiaDian.xml,将身儿来至在大街口，
,尊一声过往的宾朋听从头：一不是响马与贼寇，
,二不是歹人（呐）把城偷。
,杨林与我来争斗，
,因此上发配到登州。
,舍不得太爷的恩情厚，
,舍不得衙役们众班头。
,实难舍街坊四邻与我的好朋友，
,舍不得老娘（呃）白了头。
,娘生儿连心肉，
,儿行千里母担忧。
,儿想娘亲难叩首，
,娘想儿来泪双流。
,眼见得红日坠落在西山后，
,叫一声解差把店役。
lsxp-JianMaSu-ZhanMaSu.xml,见马谡（唩）跪帐下，
,不由老夫咬钢牙，
,大胆不听我的话失去了街亭差不差。
lsxp-LiangGuoJiao-ShiJieTing-1.xml,两国交（哇）锋龙虎斗，
,各为其主统貔貅，
,管待三（哪）军要宽厚，
,赏罚中公（呃）平莫要自由。
,此一番领兵去镇守，
,靠山近水把营收。
lsxp-LiangGuoJiao-ShiJieTing-2.xml,两国交锋龙虎斗，
,各为其（呀）主统貔貅。
,管带三（呐）军要宽厚，
,赏罚中公（呃）平莫要自由。
,此一番领（呃）兵去镇守，
,靠山近水把管收。
lsxp-QingGongYan-FaDongWu.xml,庆功宴上把酒饮，
,想起桃园结拜情。
,弟兄们创业多艰难，
,又谁知中途两离分。
lsxp-ShenGongWu-LongFengChengXiang.xml,深宫无（哇）处不飞花，
,年老得配女娇娃。
,朝欢暮乐无牵挂，
,耳听笙歌闹喧哗。
lsxp-TingTaYan-ZhuoFangCao-1.xml,听他言听得我心（呐）惊胆怕，
,背转身只埋怨我自（呃）己作差，
,我先前只望他宽宏量（呃）大，
,却原（呐）来贼是个无（哇）义（呀）的冤家！
,马行在来道内我难（呐）以回（呀）马，
,这才是花随水水不（哇）能恋（呐）花。
,这时候我只得暂且忍耐在心下，
,既同行共（呃）大事必须要劝解于他。
,（呀呃）
lsxp-TingTaYan-ZhuoFangCao-2.xml,听他言吓得我心（呐）惊胆怕，
,背转身自埋怨我自（呃）已做差。
,我先前只望他宽宏量（呃）大，
,却愿（呐）来贼是个无（哇）义（呀）的冤家！
,马行在来道内我难（呐）以回（呀）马，
,这才是花随水水不（哇）能恋（呐）花。
,这时候我只得暂且忍耐在心下，
,既同行共（呃）大事必须要劝解于他（呀呃）。
lsxp-WeiCengKai-QiYuanBao.xml,未曾开言泪汪汪，
,尊一声太爷听端详。
,家住在南阳太平庄，
,姓刘名安字世昌。
,奉母命京城往，
,贩卖绸缎转还乡。
,行至在中途把雨降，
,借宿一宵起祸殃。
,赵大夫妻图财害命害我一命亡，
,望求太爷与我作主张（啊）。
lsxp-WoBenShi-KongChengJi-1.xml,我本是卧龙岗散淡哪的人，
,论阴阳如反掌保定乾坤。
,先帝呀爷下南阳御呀驾三请，
,算就了汉家的业鼎足哇三分。
,官封到武乡侯哇执掌帅印，
,东西战南北剿博古通呃今。
,周文王访姜尚周室大振，
,俺诸（喏）葛怎比得前辈呀的先哪生。
,闲无哇事在敌楼哇我亮（呃）一亮琴哪音我面前缺少个知呃音的人。
lsxp-WoBenShi-KongChengJi-2.xml,我本是卧龙岗散淡（呐）的人，
,凭阴阳如反掌保定乾坤。
,先帝（呀）爷下南阳（呃）御驾三（呃）请，
,算就了汉家的业鼎足（呃）三分。
,官封到武乡侯（呃）执掌帅印，
,东西战南北剿博古（呃）通（哦）今。
,周文王访姜尚周室大振，
,我诸葛怎比得前辈（呃）的先（呃）生。
,闲无（呃）事在敌楼（呃）我亮一亮琴（呢）音，
,我面前却少个知（呃）音的人。
lsxp-WoZhuYe-ZhuiHanXin.xml,我主爷起义在芒砀，
,拔剑斩蛇天下，
,扬。
,怀王也曾把旨降，
,两路分（呐）兵定咸阳。
,先进咸阳为皇上，
,后进咸阳扶保在朝纲。
,也是我主洪福广，
,一路上得遇陆贾、郦生与张良。
,一路上秋毫无犯军威壮，
,我也曾约法定过三章。
,项羽不遵怀王约，
,反将我主贬汉王。
,今日里萧何荐良将，
,但愿得言听计从重整汉家邦，一同回故乡。
,撩袍端带我把金殿上，
,扬尘舞蹈见大王。
lsxp-YiShiWu-YuCangJian.xml,一事无成两鬓斑，
,叹光明一去不回还（呐）；日月轮流催晓（哇）箭，
,靠山绿（哇）水常在面前。
,恨平王无道纲常乱，
,信用无极狗奸谗。
,他害我满门（呐）真悲惨，
,我与奸贼不共戴天！
,实指（喏）望到吴国借兵（呐）转，
,行至在昭关有阻拦。
lsxp-YiZhuangZhuang-QunYingHui.xml,一桩桩一件件倶已办就，
,请先生到江边即刻登舟。
lsxp-ZhangGongDao-ZhuangYuanPu.xml,张公道三十五六（哇）子有靠，
,陈伯愚年半百无有后苗。
,为（呀）儿（啼）女我也曾朝山拜庙，
,为儿（喏）女我也曾补路修桥。
,怕将（呃）来老天爷无（哇）有果报，
,眼睁（呐）睁有何人去（呀）把纸烧。
lsxp-ZheYiFeng-DingJunShan.xml,这一封（呃）书信来得巧，
,天助黄忠成功劳。
,站立在营门三军叫，
,大小儿郎听根苗头通（呃）鼓紧战袍，
,三通鼓刀出鞘四通（呃）鼓把兵交。
,向前各各有赏犒，
,退后的项上吃一刀。
,三军与（呀）爷归营号，
,到明天午时三刻要成功劳。
lsxp-ZiCongQian-ZhuLianZhai.xml,自从千岁离朝后，
,满朝中文武臣泪双流。
,为千岁懒把朝房走，
,为千岁懒观五凤楼。
,山高路远少来问候，
,望千岁恕学生礼貌不周。
lsxp-ZiGuDao-HuangHeLou.xml,自古道吉人有天相，
,主公不必加愁肠。
,曾记得当年赴河梁，
,二将军保架过长江。
,今日主公把宴上，
,四将军保架料也无妨。
lsxp-ZouYingLong-DaYanSong.xml,忽听得万岁宣应龙，
,在朝房来了我这保国忠。
,那一日打从大街进，
,偶遇见小小的顽童放悲声，
,我问顽童啼哭因何故，
,他言道严嵩老贼害他的举家一满门。
,我劝顽童你休流泪，免悲声，邹老爷就是尔的报仇人。
,站立在殿角用目来观定，
,上面坐的是有道君，
,那一旁坐的就是严阁老，
,他本是我朝中上欺天子下压臣谋朝篡位卖国的奸贼，他名叫严嵩，我本当金（哪）殿奏一本怎奈我官卑职小不能够参大臣。
,罢、罢、罢，暂且忍却我的心头恨，
,在品级台（呀）前臣见君。
lsxp-ZuoRiLi-YuanMenZhanZi.xml,昨日里斩八将头挂营外，
,老娘亲为什么不讲情来？
,今日里斩宗保娘把儿怪，
,哭啼啼坐宝帐所为何来。
,叫焦赞将宝剑悬挂帐外，
,老娘亲再讲情儿自刎头来。
sdeh-WenSanNiang-SanNiangJiaoZi.xml,Part 1
,问三娘发雷霆却是为何？
,Part 2
,老薛保你不必苦哀告，
,背转身来哭嚎啕。
,实指望教训他终身有靠，
,又谁知平白的闪跌一跤。
sdxp-DangNianHan-SanJiZhang.xml,Part 1
,登台拜帅是韩信，
,未央宫斩的是何人？
,小奴才真个不孝顺，
,仙女嫁的又是何人？
,我的儿说话言不逊，
,句句话儿伤父心。
,要退，
,要退，
,偏要退！
,Part 2
,当年韩信与苏秦都是安邦定国臣，
,淮阴漂母救韩信，
,登台拜帅天下闻。
,商鞅不中苏季子，
,在六国封相人上人。
,未央宫斩的是韩信，
,难道说文官他就不丧身？
,仙女配的是董永，
,大孝之人也受贫。
,非是女儿言不逊，
,爹爹为何你要退婚？
,不能，
,不能，是万不能！
sdxp-SuLongWei-WuJiaPo.xml,Part 1
,苏龙魏虎为媒证，
,王丞相是我的主婚人（哪）。
,他三人与我有仇恨，
,咬定牙关他就不认承。
,西凉川四十单八站，
,为军的要人我是不要钱。
,大嫂说话礼不端，
,为军哪怕到官前。
,衙里衙外我打点，
,管保大嫂就断与咱。
,好一个贞节王宝钏，
,百般调戏也枉然。
,腰中取出银一锭，
,将银放在地平川。
,这锭银，三两三，送与大嫂把家安。
,买绫罗与绸缎，
,打首饰和簪环，
,我与你露水的夫妻就过几年（呐）。
,是烈女就该在家院，
,为何来在大道边。
,为军起下不良的意呀一马双跨到西凉。
,Part 2
,提起了旁人我不晓，
,苏龙魏虎是内亲。
,你我同把相府进，
,三人对面（就）说分明。
,我父在朝为官宦，
,府内金银堆如山。
,本利算来有多少，
,命人送到（那）西凉川。
,我进相府对父言，
,家人小厮有万千。
,将你带到官衙内，
,打板子、上夹棍、丢南牢、坐监禁，
,管叫你思前容易退后难。
,军爷说话理不端，
,欺奴犹如欺了天。
,西凉的鞑子将你斩，
,妻儿老小与奴一般。
,这锭银子奴不要，
,与你娘做一个安家钱。
,买绫罗，做衣衫，买白纸，糊白幡，打首饰，做妆奁，落得个孝子的名儿在那天下传。
sdxp-WoHeNi-SiLangTanMu.xml,Part 1
,我和你好夫妻恩德不浅，
,贤公主又何必过于谦言。
,杨廷辉有一日愁眉得展，
,誓不忘贤公主恩重如山。
,非是我这几日愁眉不展，
,有一桩心腹事不敢明言。
,萧天佐摆天门两国交战，
,我的娘押粮草来到北番。
,我有心回宋营见母一面，
,怎奈我身在番难以过关。
,公主虽然不阻拦，
,无有令箭怎过关。
,公主赠我的金鈚箭见母一面即刻还。
,宋营（哪）虽然路途远，
,快马加鞭我一夜还。
,公主叫我盟誓愿，
,将身跪在地平川。
,我若探母不回转，
,黄沙盖脸尸骨不全。
,Part 2
,讲什么夫妻情恩德不浅，
,咱与你隔南北千里姻缘。
,因何故终日里愁眉不展，
,有什么心腹事你只管明言。
,你那里休得要巧言舌辨，
,你要见高堂母我不阻拦。
,有心赠你金鈚箭，
,怕你一去就不回还。
,宋营离此路途远，
,一夜之间你怎能回还。
,适才叫咱盟誓愿，
,你也对苍天就表一番。
